county,precinct,cleanedprecinct,cleanedprecinctID
BAKER,Hoggard Mill,HOGGARDS MILL,H
BALDWIN,South Mill,NORTH MILLEDGEVILLE,CTY6
BALDWIN,North Mill,SOUTH MILLEDGEVILLE,CTY1
BARROW,11 Apalachee High School,APALACHEE HIGH SCHOOL,11
BARROW,02 Bethlehem Church - 211,BETHLEHEM CHURCH,2
BARROW,01 Bethlehem Community Center,BETHLEHEM COMMUNITY CENTER,1
BARROW,03 Bramlett Elementary School,BRAMLETT ELEMENTARY SCHOOL,3
BARROW,14 Cedar Creek Baptist Church,CEDAR CREEK BAPTIST CHURCH,14
BARROW,15 County Line Elementary School,COUNTY LINE ELEMENTARY SCHOOL,15
BARROW,05 Fire Station 1 (Statham),FIRE STATION 1,5
BARROW,08 First Baptist Church,FIRST BAPTIST CHURCH,8
BARROW,10 Leisure Services Center,LEISURE SERVICES CENTER,10
BARROW,09 Lions Club,LIONS CLUB,9
BARROW,12 Midway United Methodist Church,MIDWAY UNITED METHODIST CHURCH,12
BARROW,07 Statham Elementary School,STATHAM ELEMENTARY SCHOOL,7
BARROW,16 The Church at Winder,THE CHURCH AT WINDER,16
BARROW,04 Westside Middle School,WESTSIDE MIDDLE SCHOOL,4
BARROW,06 Winder Barrow High School,WINDER BARROW HIGH SCHOOL,6
BARROW,13 Winder Community Center,WINDER COMMUNITY CENTER,13
BARTOW,WOODLAND HIGH,WOODLAND HIGH,18
BEN HILL,East,EAST,1
BEN HILL,West,WEST,2
BLECKLEY,FAIRGROUND,FAIRGROUND,1
BRYAN,J.F. Gregory Park,J.F. GREGORY PARK,6
BRYAN,Public Safety Complex,PUBLIC SAFETY COMPLEX,9
BRYAN,RH Rec Complex,RH RECREATION COMPLEX,5
BUTTS,BUTTS CO ADMIN BLDG,BUTTS COUNTY ADMIN,BCAB
CANDLER,Candler-1736,CANDLER,1736
CANDLER,Metter -1685,METTER,1685
CARROLL,BETHANY (501),BETHANY,501
CARROLL,BONNER (714A3),BONNER,714A3
CARROLL,BOWDON (1111),BOWDON,1111
CARROLL,BOWDON JUNCTION (1496),BOWDON JUNCTION,1496
CARROLL,BURSON (714BN),BURSON CENTER,714BN
CARROLL,BURWELL (1371),BURWELL,1371
CARROLL,CENTER POINT (1152),CENTER POINT,1152
CARROLL,CLEM (1483),CLEM,1483
CARROLL,COUNTY ADMIN BLDG (714A5),COUNTY ADMIN BLDG,714A5
CARROLL,FAIRFIELD (1540),FAIRFIELD,1540
CARROLL,HULETT (1542),HULETT,1542
CARROLL,KANSAS (1006),KANSAS,1006
CARROLL,LAKESHORE REC (714A2),LAKESHORE REC CENTER,714A2
CARROLL,MT ZION (1240),MT ZION,1240
CARROLL,OAK GROVE (715),OAK GROVE,715
CARROLL,OLD CAMP CHURCH (714BW),OLD CAMP CHURCH,714BW
CARROLL,ROOPVILLE (713),ROOPVILLE,713
CARROLL,SANDHILL (1122),SANDHILL,1122
CARROLL,TABERNACLE CHURCH (714A6),TABERNACLE CHURCH,714A6
CARROLL,TEMPLE CITY (650),TEMPLE CITY,650
CARROLL,TEMPLE COUNTY (649),TEMPLE COUNTY,649
CARROLL,TYUS (1533),TYUS,1533
CARROLL,UNIVERSITY OF W. GA (714A4),UNIVERSITY OF W. GA,714A4
CARROLL,V R COUNTY NORTH (641),V R COUNTY NORTH,641
CARROLL,V R COUNTY SOUTH (640),V R COUNTY SOUTH,640
CARROLL,VILLA RICA CITY (642),VILLA RICA CITY,642
CARROLL,WEST CARROLLTON (714A1),WEST CARROLLTON,714A1
CARROLL,WHITESBURG (682),WHITESBURG,682
CATOOSA,FORT OGLETHORPE,FORT OGLETHORPE,FT O
CHARLTON,Folkston Fire Station,FOLKSTON FIRE STATION,5F
CHATHAM,3-05 Aldersgate Youth Cent,ALDERSGATE YOUTH CENTER,3-05C
CHATHAM,6-11 Bamboo Farms,BAMBOO FARMS,6-11C
CHATHAM,5-01 Bartlett Middle Sch,BARTLETT MIDDLE,5-01C
CHATHAM,8-12 Beach High School,BEACH HIGH SCHOOL,8-12C
CHATHAM,3-10 Bible Baptist Church,BIBLE BAPTIST CHURCH,3-10C
CHATHAM,2-02 Blackshear Comm Ctr,BLACKSHEAR COMM CTR,2-02C
CHATHAM,7-08 Bloomingdale Com Ctr,BLOOMINGDALE COM CTR,7-08C
CHATHAM,8-11 Butler Elem School,BUTLER ELEMENTARY,8-11C
CHATHAM,5-03 Butler Presbyterian,BUTLER PRESBYTERIAN,5-03C
CHATHAM,8-10 Carver Heights Comm,CARVER HEIGHTS COMM,8-10C
CHATHAM,1-06 Central Chur of Christ,CENTRAL CHURCH OF CHRIST,1-06C
CHATHAM,2-07 Christ Comm. Church,CHRIST COMMUNITY CHURCH,2-07C
CHATHAM,8-01 Civic Center,CIVIC CENTER,8-01C
CHATHAM,7-14 Coastal Cathedral,COASTAL CATHEDRAL,7-14C
CHATHAM,3-09 Cokesbury Methodist,COKESBURY METHODIST,3-09C
CHATHAM,6-03 Crusader Comm Ctr,CRUSADER COMMUNITY,6-03C
CHATHAM,2-06 Eli Whitney,ELI WHITNEY,2-06C
CHATHAM,3-15 Eli Whitney Complex,ELI WHITNEY COMPLEX,3-15C
CHATHAM,5-07 Elks Lodge,ELKS LODGE,5-07C
CHATHAM,2-04 Fellowship of Love,FELLOWSHIP OF LOVE,2-04C
CHATHAM,1-16 Ferguson Ave Baptist,FERGUSON AVE BAPTIST,1-16C
CHATHAM,3-04 First African Baptist,FIRST AFRICAN BAPTIST,3-04C
CHATHAM,4-06 First Baptist Church,FIRST BAPTIST CHURCH,4-06C
CHATHAM,1-01 First Presbyterian Church,FIRST PRESBYTERIAN CHURCH,1-01C
CHATHAM,4-02 Frank Murray Comm Ct,FRANK MURRAY COMMUNITY CENTER,4-02C
CHATHAM,8-15 Garden City Rec Ctr,GARDEN CITY REC CENTER,8-15C
CHATHAM,7-01 Garden City Senior Ctr,GARDEN CITY SENIOR CENTER,7-01C
CHATHAM,6-10 Georgetown Elem,GEORGETOWN ELEMENTARY,6-10C
CHATHAM,1-08 Grace United Meth Chur,GRACE UNITED,1-08C
CHATHAM,4-10 Guard House Comm Ctr,GUARD HOUSE COMM CENTER,4-10C
CHATHAM,8-02 Hellenic Center,HELLENIC CENTER,8-02C
CHATHAM,2-05 Holy Spirit Lutheran,HOLY SPIRIT LUTHERAN,2-05C
CHATHAM,1-09 Immanuel Bapt Church,IMMANUEL BAPT CHURCH,1-09C
CHATHAM,1-17 Islands Christian Church,ISLANDS CHRISTIAN CHURCH,1-17C
CHATHAM,1-12 Isle of Hope Baptist,ISLE OF HOPE BAPTIST,1-12C
CHATHAM,1-05 JEA Building,JEA BUILDING,1-05C
CHATHAM,3-08 Jenkins High School,JENKINS HIGH SCHOOL,3-08C
CHATHAM,5-10 Jonesville Bapt Church,JONESVILLE BAPTIST CHURCH,5-10C
CHATHAM,7-04 Lake Shore Comm Ctr,LAKE SHORE COMMUNITY,7-04C
CHATHAM,5-11 Largo-Tibet Elem,LARGO TIBET ELEMENTARY,5-11C
CHATHAM,5-05 Liberty City Comm Ctr,LIBERTY CITY,5-05C
CHATHAM,4-04 Lighthouse Baptist Ch,LIGHTHOUSE BAPTIST,4-04C
CHATHAM,8-09 Moses Jackson Ctr,MOSES JACKSON,8-09C
CHATHAM,3-13 New Cov 7 Day Adv Ch,NEW COV 7 DAY ADV CHURCH,3-13C
CHATHAM,3-14 Oglethorpe,OGLETHORPE CHARTER,3-14C
CHATHAM,3-01 Old Courthouse,OLD COURTHOUSE,3-01C
CHATHAM,7-03 P B Edwards Gym,P B EDWARDS GYM,7-03C
CHATHAM,7-12 Pooler Church,POOLER CHURCH,7-12C
CHATHAM,7-06 Pooler City Hall,POOLER CITY HALL,7-06C
CHATHAM,7-10 Progressive Rec Ctr,PROGRESSIVE REC CENTER,7-10C
CHATHAM,8-08 Resur Of Our Lord Ch,RESUR OF OUR LORD,8-08C
CHATHAM,7-15 Rice Creek School,RICE CREEK SCHOOL,7-15C
CHATHAM,3-02 Rose of Sharon,ROSE OF SHARON,3-02C
CHATHAM,7-07 Rothwell Bapt Ch,ROTHWELL BAPTIST,7-07C
CHATHAM,4-05 St Francis Episcopal,SAINT FRANCIS,4-05C
CHATHAM,1-10 Saint Thomas Episcopal Church,SAINT THOMAS EPISCOPAL CHURCH,1-10C
CHATHAM,2-09 The Salvation Army,SALVATION ARMY,2-09C
CHATHAM,8-13 Savannah Christ. Sch,SAVANNAH CHRISTIAN SCHOOL,8-13C
CHATHAM,6-08 Savannah Commons,SAVANNAH COMMONS,6-08C
CHATHAM,3-03 Savannah High School,SAVANNAH HIGH SCHOOL,3-03C
CHATHAM,7-09 Savannah Holy,SAVANNAH HOLY,7-09C
CHATHAM,5-08 Savannah Primitive,SAVANNAH PRIMITIVE,5-08C
CHATHAM,5-06 Seed Church,SEED CHURCH,5-06C
CHATHAM,5-02 Senior Citizens Cent,SENIOR CITIZEN CENTER,5-02C
CHATHAM,7-11 Seventh Day Adv Chr,SEVENTH DAY ADV CHR,7-11C
CHATHAM,8-03 Silk Hope Bapt Ch,SILK HOPE BAPTIST,8-03C
CHATHAM,4-13 Skid Is Pres Church,SKID IS PRES CHURCH,4-13C
CHATHAM,4-14 Skidaway Island Methodist Church,SKIDAWAY ISLAND METHODIST CHURCH,4-14C
CHATHAM,4-15 Skidaway Island State Park,SKIDAWAY ISLAND STATE PARK,4-15C
CHATHAM,3-11 Southside Bapt Church,SOUTHSIDE BAPT CHURCH,3-11C
CHATHAM,7-13 Southside Fire,SOUTHSIDE FIRE,7-13C
CHATHAM,1-14 St Luke Church,ST LUKE CHURCH,1-14C
CHATHAM,4-12 St Peters Episcopal,ST PETERS EPISCOPAL,4-12C
CHATHAM,2-11 Stillwell Towers,STILLWELL TOWERS,2-11C
CHATHAM,6-06 The Light,THE LIGHT CHURCH,6-06C
CHATHAM,1-13 The Sanctuary,THE SANCTUARY,1-13C
CHATHAM,3-12 Thunderbolt Muni. Complex,THUNDERBOLT MUN,3-12C
CHATHAM,8-06 Tompkins Rec Ctr,TOMPKINS RECREATION,8-06C
CHATHAM,6-09 Trinity Lutheran Ch,TRINITY LUTHERAN,6-09C
CHATHAM,4-11 Tybee Island School Cafe,TYBEE ISLAND SCHOOL CAFE,4-11C
CHATHAM,8-05 W Broad St YMCA,W BROAD ST YMCA,8-05C
CHATHAM,2-03 W. W. Law Center,W W LAW CENTER,2-03C
CHATHAM,6-01 White Bluff Pres Chr,WHITE BLUFF PRES CHR,6-01C
CHATHAM,2-12 Williams Court,WILLIAMS COURT,2-12C
CHATHAM,4-07 Wilm Is Un Meth Ch,WILM IS UN METH CH,4-07C
CHATHAM,4-08 Wilmington Island Pr,WILMINGTON ISLAND PR,4-08C
CHATHAM,6-02 Windsor Forest Baptist,WINDSOR FOREST BAPTIST,6-02C
CHATHAM,6-05 Windsor Forest Golde,WINDSOR FOREST GOLDE,6-05C
CHATHAM,7-05 Woodlawn Bapt Ch,WOODLAWN BAPT CH,7-05C
CHATHAM,8-07 Woodville-Tompkins,WOODVILLE TOMPKINS,8-07C
CHATTAHOOCHEE,Chattahoochee Acvitity Center,CHATTAHOOCHEE ACVITITY CENTER,1
CLARKE,5D ACC Fleet Mgt Bldg,ACC FLEET MANAGEMENT,5D
CLARKE,7B Athens Regional Library,ATHENS REGIONAL LIBRARY,7B
CLARKE,4A Athens Transit Ctr,ATHENS TRANSIT CTR,4A
CLARKE,8B Cedar Shls High Sch,CEDAR SHLS HIGH SCH,8B
CLARKE,5C Chase Street School,CHASE STREET SCHOOL,5C
CLARKE,3A Clarke Central High,CLARKE CENTRAL HIGH,3A
CLARKE,6A Cleveland Rd School,CLEVELAND RD SCHOOL,6A
CLARKE,7C Firestation #3,FIRESTATION 3,7C
CLARKE,6D Firestation #4,FIRESTATION 4,6D
CLARKE,8C Firestation #7,FIRESTATION 7,8C
CLARKE,1B E. Athens Baptist,GAINES ELEMENTARY,1B
CLARKE,8A Gaines School,GAINES SCHOOL,8A
CLARKE,6B Georgia Square Mall,GEORGIA SQUARE MALL,6B
CLARKE,2B Howard Stroud School,HOWARD STROUD SCHOOL,2B
CLARKE,2A Judia J. Harris Sch,JUDIA J. HARRIS SCH,2A
CLARKE,4B Memorial Park,MEMORIAL PARK,4B
CLARKE,3B Thomas N. Lay Park,THOMAS N. LAY PARK,3B
CLARKE,6C Timothy Rd Elem Schl,TIMOTHY ROAD SCHOOL 6C,6C
CLARKE,7A Timothy Bptst Church,TIMOTHY ROAD SCHOOL 7A,7A
CLARKE,1C Barnett Shls School,WHIT DAVIS SCHOOL 1C,1C
CLARKE,1D Whit Davis School,WHIT DAVIS SCHOOL 1D,1D
CLARKE,5A Oglethorpe School,WHITEHEAD ROAD SCHOOL 5A,5A
CLARKE,5B Whitehead Rd School,WHITEHEAD ROAD SCHOOL 5B,5B
CLARKE,1A W'ville Train Depot,WINTERVILLE TRAIN DEPOT,1A
CLAY,Courthouse,COURTHOUSE,3
CLAY,Day's Cross Roads,DAYS CROSS ROAD,5
COBB,Mount Bethel 01,MT BETHEL 01,MT01
COBB,Mount Bethel 03,MT BETHEL 03,MT03
COBB,Mount Bethel 04,MT BETHEL 04,MT04
COLUMBIA,Belair Baptist,BELAIR BAPTIST,75
COLUMBIA,Blue Ridge Elementary,BLUE RIDGE ELEMENTARY,136
COLUMBIA,Christ Church,CHRIST CHURCH,135
COLUMBIA,Christ The King Luth Ch,CHRIST THE KING LUTH CH,137
COLUMBIA,Col Cty Bd Of Edu,COL CTY BD OF EDU,60
COLUMBIA,Damascus Baptist Church,DAMASCUS BAPTIST CHURCH,51
COLUMBIA,Eubank/Blanchard Center,EUBANK/BLANCHARD CENTER,40
COLUMBIA,Grovetown Methodist Church,GROVETOWN METHODIST CHURCH,31
COLUMBIA,Grovetown Middle School,GROVETOWN MIDDLE SCHOOL,33
COLUMBIA,Journey Comm. Church,JOURNEY COMM. CHURCH,131
COLUMBIA,Kiokee Baptist Church,KIOKEE BAPTIST CHURCH,10
COLUMBIA,Lewis Methodist Church,LEWIS METHODIST CHURCH,15
COLUMBIA,Liberty Park,LIBERTY PARK,30
COLUMBIA,Marvin Methodist Church,MARVIN METHODIST CHURCH,76
COLUMBIA,Mtz Col Fire Hdqtr,MTZ COL FIRE HDQTR,110
COLUMBIA,Stevens Creek Church,STEVENS CREEK CHURCH,109
COLUMBIA,Woodlawn Baptist Church,WOODLAWN BAPTIST CHURCH,16
COOK,New Life Bapt. Church,NEW LIFE BAPT. CHURCH,NL
COWETA,COWETA CENTRAL LIBRARY,COWETA CENTRAL LIBRARY,27
DECATUR,Attapulgus,ATTAPULGUS,694
DECATUR,Bainbridge-Coliseum,BAINBRIDGE COLISEUM,513
DECATUR,Bridge-Fairgrounds,BRIDGE FAIRGROUNDS,514
DECATUR,Brinson,BRINSON,1613
DECATUR,Climax,CLIMAX,1361
DECATUR,Kendrick,KENDRICK,1342
DECATUR,Mt Pleasant,MT PLEASANT,1277
DECATUR,Recovery,RECOVERY,1325
DECATUR,West Bainbridge,WEST BAINBRIDGE,1805
DEKALB,AUSTIN,AUSTIN,AD
DEKALB,AVONDALE,AVONDALE,AE
DEKALB,AVONDALE HIGH - 04,AVONDALE HIGH,AI
DEKALB,BOULDERCREST RD,BOULDERCREST RD,BL
DEKALB,BOULEVARD,BOULEVARD,BB
DEKALB,BRIARWOOD,BRIARWOOD,BE
DEKALB,BROCKETT,BROCKETT,BH
DEKALB,BROCKETT ELEM,BROCKETT ELEM,BF
DEKALB,BROOKHAVEN,BROOKHAVEN,BI
DEKALB,BURGESS ELEM,BURGESS ELEM,BR
DEKALB,CANDLER-MURPHEY CANDLER ELEM,CANDLER MURPHEY CANDLER ELEM,CF
DEKALB,CHAMBLEE,CHAMBLEE,CE
DEKALB,CHAMBLEE 2,CHAMBLEE 2,CZ
DEKALB,CHESNUT ELEM,CHESNUT ELEM,CH
DEKALB,CLAIREMONT EAST,CLAIREMONT EAST,CV
DEKALB,CLAIREMONT WEST,CLAIREMONT WEST,CI
DEKALB,CLARKSTON,CLARKSTON,CK
DEKALB,COAN RECREATION CENTER,COAN RECREATION CENTER,CN
DEKALB,COVINGTON HIGHWAY,COVINGTON HIGHWAY,CT
DEKALB,DORAVILLE NORTH,DORAVILLE NORTH,DA
DEKALB,DORAVILLE SOUTH,DORAVILLE SOUTH,DB
DEKALB,DRESDEN ELEM,DRESDEN ELEM,DC
DEKALB,DUNWOODY,DUNWOODY,DF
DEKALB,DUNWOODY 2,DUNWOODY 2,DG
DEKALB,EAST LAKE,EAST LAKE,EA
DEKALB,EPWORTH,EPWORTH,EE
DEKALB,FLAKES MILL FIRE STATION,FLAKES MILL FIRE STATION,FK
DEKALB,GEORGETOWN SQUARE,GEORGETOWN SQUARE,GD
DEKALB,GLENNWOOD - 04,GLENNWOOD,GA
DEKALB,HARRIS-MARGARET HARRIS ED,HARRIS MARGARET HARRIS ED,HI
DEKALB,IDLEWOOD ELEM,IDLEWOOD ELEM,IA
DEKALB,JOHNSON ESTATES,JOHNSON ESTATES,JA
DEKALB,KINGSLEY ELEM,KINGSLEY ELEM,KB
DEKALB,LIN-MARY LIN ELEM,LIN MARY LIN ELEM,LE
DEKALB,LITHONIA,LITHONIA,LD
DEKALB,MATHIS-BOB MATHIS ELEM,MATHIS BOB MATHIS ELEM,MR
DEKALB,METROPOLITAN,METROPOLITAN,MT
DEKALB,MILLER-ELDRIDGE L. MILLER ELEM,MILLER ELDRIDGE L. MILLER ELEM,MA
DEKALB,MT. VERNON EAST,MT. VERNON EAST,MQ
DEKALB,MT. VERNON WEST,MT. VERNON WEST,MS
DEKALB,HARRIS-NARVIE J. HARRIS ELEM,NARVIE J HARRIS ELEM,HH
DEKALB,OAKHURST,OAKHURST,OK
DEKALB,PINE LAKE,PINE LAKE,PE
DEKALB,PONCE DE LEON,PONCE DE LEON,PG
DEKALB,RENFROE MIDDLE,RENFROE MIDDLE,RN
DEKALB,SHAW-ROBERT SHAW ELEM,SHAW ROBERT SHAW ELEM,SC
DEKALB,SILVER LAKE,SILVER LAKE,SE
DEKALB,SKYLAND,SKYLAND,SF
DEKALB,SNAPFINGER ROAD NORTH,SNAPFINGER ROAD NORTH,SR
DEKALB,SNAPFINGER ROAD SOUTH,SNAPFINGER ROAD SOUTH,SS
DEKALB,STONE MOUNTAIN,STONE MOUNTAIN,SI
DEKALB,STONE MOUNTAIN CHAMPION,STONE MOUNTAIN CHAMPION,SQ
DEKALB,STONE MOUNTAIN MIDDLE,STONE MOUNTAIN MIDDLE,SP
DEKALB,STONECREST LIBRARY (STC),STONECREST LIBRARY (STC),SW
DEKALB,TERRY MILL ELEM,TERRY MILL ELEM,TA
DEKALB,TILLY MILL ROAD,TILLY MILL ROAD,TG
DEKALB,WADSWORTH - 04,WADSWORTH,WA
DEKALB,WESLEY CHAPEL LIBRARY,WESLEY CHAPEL LIBRARY,WB
DEKALB,WINNONA PARK,WINNONA PARK,WF
DEKALB,WINTERS CHAPEL,WINTERS CHAPEL,WL
DEKALB,WOODWARD,WOODWARD,WJ
DODGE,Chauncey,CHAUNCEY,CHAUN
DODGE,Empire,EMPIRE,EMPIR
DODGE,Jaybird,JAYBIRD,JAYBI
DODGE,McCranie,MCCRANIE,MCCRA
DODGE,Mitchell,MITCHELL,MITCH
DODGE,Mullis,MULLIS,MULLI
DODGE,Plainfield,PLAINFIELD,PLAIN
DODGE,Pondtown,PONDTOWN,PONDT
DODGE,Rawlins,RAWLINS,RAWLI
DODGE,Vilula,VILULA,VILUL
DODGE,Yonker,YONKER,YONKE
DOUGHERTY,Covenant Pres Church,COVENANT PRES CHURCH,3
DOUGHERTY,First Christian Church,FIRST CHRISTIAN CHURCH,27
DOUGHERTY,Lamar Reese Elem School,LAMAR REESE ELEM SCHOOL,26
DOUGHERTY,Mt. Zion Center,MT. ZION CENTER,10
DOUGHERTY,Palmyra Rd Meth Church,PALMYRA RD METH CHURCH,1
DOUGHERTY,Pine Bluff Bapt Church,PINE BLUFF BAPT CHURCH,23
DOUGHERTY,Putney 1st Bapt Church,PUTNEY 1ST BAPT CHURCH,20
DOUGHERTY,Second Mt. Zion,SECOND MT. ZION,9
DOUGHERTY,Sherwood Elem School,SHERWOOD ELEM SCHOOL,2
DOUGHERTY,Shiloh Baptist Church,SHILOH BAPTIST CHURCH,13
DOUGHERTY,Westover High School,WESTOVER HIGH SCHOOL,5
DOUGHERTY,Westtown Elem School,WESTTOWN ELEM SCHOOL,8
DOUGLAS,BEULAH,BEULAH,731
DOUGLAS,FIRST BAPTIST - LITHIA SPRINGS,FIRST BAPTIST   LITHIA SPRINGS,740
DOUGLAS,FIRST BAPTIST CHURCH,FIRST BAPTIST CHURCH,1274
DOUGLAS,LITHIA HIGH SCHOOL,LITHIA HIGH SCHOOL,1275
FRANKLIN,Northeast,NORTHEAST,3
FRANKLIN,Southwest,SOUTHWEST,7
FULTON,110,110,110
FULTON,120,120,120
FULTON,1100,1100,1100
FULTON,11000,11000,11000
GLYNN,Ballard Complex,BALLARD COMPLEX,4913
GLYNN,Blythe Island Baptist Church,BLYTHE ISLAND BAPTIST CHURCH,1943
GLYNN,Burroughs,BURROUGHS,5933
GLYNN,Sterling Church of God,STERLING CHURCH OF GOD,3713
GLYNN,Sterling Elem School,STERLING ELEM SCHOOL,1713
GRADY,Cairo 4th District,CAIRO 4TH DISTRICT,C04
GRADY,Cairo 5th District,CAIRO 5TH DISTRICT,C05
GWINNETT,PINCKNEYVILLE A,PINCKNEYVILLE A,20
HALL,16-Bark Camp,BARK CAMP,16
HALL,27-Big Hickory,BIG HICKORY,27
HALL,10-Candler,CANDLER,10
HALL,17-Chestatee,CHESTATEE,17
HALL,02-Chicopee,CHICOPEE,2
HALL,14-Clermont,CLERMONT,14
HALL,05-Flowery Branch I,FLOWERY BRANCH I,5
HALL,06-Flowery Branch II,FLOWERY BRANCH II,6
HALL,18-Fork,FORK,18
HALL,28-Friendship I,FRIENDSHIP I,28
HALL,29-Friendship II,FRIENDSHIP II,29
HALL,30-Friendship III,FRIENDSHIP III,30
HALL,31-Friendship IV,FRIENDSHIP IV,31
HALL,21-Gainesville I,GAINESVILLE I,21
HALL,22-Gainesville II,GAINESVILLE II,22
HALL,23-Gainesville III,GAINESVILLE III,23
HALL,24-Gainesville IV,GAINESVILLE IV,24
HALL,25-Gainesville V,GAINESVILLE V,25
HALL,26-Gillsville,GILLSVILLE,26
HALL,12-Glade,GLADE,12
HALL,13-Lula,LULA,13
HALL,08-Morgan I,MORGAN I,8
HALL,09-Morgan II,MORGAN II,9
HALL,03-Oakwood I,OAKWOOD I,3
HALL,04-Oakwood II,OAKWOOD II,4
HALL,15-Quillians,QUILLIANS,15
HALL,07-Roberts,ROBERTS,7
HALL,11-Tadmore,TADMORE,11
HALL,20-West Whelchel,WEST WHELCHEL,20
HALL,19-Whelchel,WHELCHEL,19
HALL,01-Wilson,WILSON,1
HANCOCK,Devereux Fire,DEVEREUX FIRE,1A
HANCOCK,Mayfield,MAYFIELD,3A
HENRY,MT. CARMEL,MT. CARMEL,32
HENRY,STOCKBRIDGE EAST-WEST,STOCKBRIDGE EAST WEST,39
JEFF DAVIS,Altamaha 1,ALTAMAHA 1,201
JEFF DAVIS,Altamaha 2,ALTAMAHA 2,202
JEFF DAVIS,Blackburn 1,BLACKBURN 1,301
JEFF DAVIS,Blackburn 2,BLACKBURN 2,302
JEFF DAVIS,Hazelhurst,HAZELHURST,100
JEFF DAVIS,Ocmulgee 1,OCMULGEE 1,501
JEFF DAVIS,Ocmulgee 2,OCMULGEE 2,502
JEFF DAVIS,Whitehead 1,WHITEHEAD 1,401
JEFF DAVIS,Whitehead 2,WHITEHEAD 2,402
JENKINS,Jenkins Co,JENKINS CO,1
LAURENS,Family Life Center,FAMILY LIFE CENTER,3
LAURENS,LCFS 10 (Valambrosia),LCFS (VALAMBROSIA),22
LAURENS,W T Adams Firestation,W T ADAMS FIRESTATION,18
LEE,Century Fire Station,CENTURY FIRE STATION,9
LEE,Chokee,CHOKEE,1
LEE,CJC,CJC,3
LEE,First Baptist,FIRST BAPTIST,6
LEE,Friendship Bapt,FRIENDSHIP BAPT,5
LEE,Leesburg,LEESBURG,4
LEE,Redbone,REDBONE,10
LEE,SDA Church,SDA CHURCH,7
LEE,Smithville,SMITHVILLE,2
LEE,Sovereign Grace,SOVEREIGN GRACE,8
LIBERTY,Liberty County Complex,LIBERTY COUNTY COMPLEX,3
LIBERTY,Riceboro Youth Center,RICEBORO YOUTH CENTER,1
LIBERTY,Walthourville City Hall,WALTHOURVILLE CITY HALL,4
LOWNDES,Clyatt,CLYATT,7
MACON,Montezuma 4,MONTEZUMA 4,4
MACON,Montezuma 5,MONTEZUMA 5,5
MARION,Ft. Perry,FT. PERRY,955
MCDUFFIE,132 - Augusta Tech,AUGUSTA TECH,132
MCDUFFIE,133B - Dearing Gym,DEARING GYM,133B
MCDUFFIE,133A - Fort Creek,FORT CREEK,133A
MCDUFFIE,137 - Marshall Church,MARSHALL CHURCH,137
MCDUFFIE,131 - Queen of Angels,QUEEN OF ANGELS,131
MCDUFFIE,135 - Sweetwater,SWEETWATER,135
MCDUFFIE,136 - Thomson Depot,THOMSON DEPOT,136
MCDUFFIE,134 - Vanderhorst,VANDERHORST,134
MCDUFFIE,139 - Whiteoak,WHITEOAK,139
MERIWETHER,ALVATON,ALVATON,8
MERIWETHER,DURAND,DURAND,12
MERIWETHER,GAY,GAY,9
MERIWETHER,GREENVILLE,GREENVILLE,5
MERIWETHER,MANCHESTER GILL I,MANCHESTER GILL I,2
MERIWETHER,MANCHESTER GILL II,MANCHESTER GILL II,3
MERIWETHER,ODESSADALE,ODESSADALE,4
MERIWETHER,WARM SPRINGS,WARM SPRINGS,11
MERIWETHER,WOODBURY,WOODBURY,10
MORGAN,Beth/Springfield,BETH/SPRINGFIELD,3
MORGAN,Central Morgan,CENTRAL MORGAN,4
MORGAN,Clacks Chapel,CLACKS CHAPEL,5
MORGAN,East Morgan,EAST MORGAN,2
MORGAN,North Morgan,NORTH MORGAN,7
MORGAN,Northeast Morgan,NORTHEAST MORGAN,1
MORGAN,West Morgan,WEST MORGAN,6
MUSCOGEE,BRITT DAVID BAPT CH,BRITT DAVID BAPT CH,104
MUSCOGEE,CORNERSTONE CHURCH,CORNERSTONE CHURCH,106
MUSCOGEE,EPWORTH,EPWORTH,124
MUSCOGEE,MT. PILGRIM,MT. PILGRIM,113
MUSCOGEE,ST. ANDREWS/MIDLAND,ST ANDREWS/MIDLAND,120
MUSCOGEE,ST. MARK/HEIFERHORN,ST MARK/HEIFERHORN,108
MUSCOGEE,ST PETER U. M. C.,ST PETER U. M. C.,105
PAULDING,CARL SCOGGINS MID SC,CARL SCOGGINS MID SC,012C
PAULDING,NEBO ELEMENTARY SCH,NEBO ELEMENTARY SCH,011B
PAULDING,PAULDING CO HIGH SC,PAULDING CO HIGH SC,007B
PAULDING,SARA RAGSDALE ELM SC,SARA RAGSDALE ELM SC,006C
RABUN,Rabun,RABUN,RABUN
RANDOLPH,Fountain Bridge-5th,FOUNTAIN BRIDGE 5TH,947
ROCKDALE,Barksdale,BARKSDALE,BA
ROCKDALE,Bethel,BETHEL,BT
ROCKDALE,Conyers,CONYERS,CO
ROCKDALE,Fieldstone,FIELDSTONE,FI
ROCKDALE,Flat Shoals,FLAT SHOALS,FS
ROCKDALE,Hightower,HIGHTOWER,HI
ROCKDALE,Honey Creek,HONEY CREEK,HC
ROCKDALE,Lorraine,LORRAINE,LO
ROCKDALE,Magnet,MAGNET,MA
ROCKDALE,Milstead,MILSTEAD,MI
ROCKDALE,Olde Towne,OLDE TOWNE,OT
ROCKDALE,Rockdale,ROCKDALE,RO
ROCKDALE,Smyrna,SMYRNA,SM
ROCKDALE,St. Pius,ST PIUS,SP
ROCKDALE,Stanton,STANTON,ST
ROCKDALE,The Lakes,THE LAKES,LA
SCREVEN,Cooperville Fire Sta,COOPERVILLE FIRE STA,12
SCREVEN,Screven Rec Dept,SCREVEN REC DEPT,8
SPALDING,17 AMBUCS PARK GYM,AMBUCS PARK GYM,17
SPALDING,10 CARVER FIRE STATION,CARVER FIRE STATION,10
SPALDING,06 CITY PARK,CITY PARK,6
SPALDING,13 COUNTY LINE METHODIST CHURCH,COUNTY LINE METHODIST CHURCH,13
SPALDING,21 EAGLES LANDING BAPTIST,EAGLES LANDING BAPTIST,21
SPALDING,02 FAIRMONT,FAIRMONT,2
SPALDING,19 FIRST ASSEMBLY OF GOD CHURCH,FIRST ASSEMBLY OF GOD CHURCH,19
SPALDING,07 FIRST METHODIST,FIRST METHODIST,7
SPALDING,11 FIRST PRESBYTERIAN CHURCH,FIRST PRESBYTERIAN CHURCH,11
SPALDING,16 GARY REID FIRE STATION,GARY REID FIRE STATION,16
SPALDING,12 LIBERTY SPRINGS BAPT CHURCH,LIBERTY SPRINGS BAPT CHURCH,12
SPALDING,20 ROBERTS FIRE STATION,ROBERTS FIRE STATION,20
SPALDING,01 SECOND BAPTIST CH,SECOND BAPTIST CH,1
SPALDING,03 SENIOR CENTER,SENIOR CENTER,3
SPALDING,08 ST. JOHN LUTHERAN CHURCH,ST JOHN LUTHERAN CHURCH,8
SPALDING,14 SUNNYSIDE METHODI,SUNNYSIDE METHODI,14
SPALDING,05 UGA CAMPUS,UGA CAMPUS,5
SPALDING,09 UNION BAPTIST CHURCH,UNION BAPTIST CHURCH,9
SUMTER,W-27 AG Center,AG CENTER,W-27
SUMTER,E-27 Airport,AIRPORT,E-27
SUMTER,29 Andersonville,ANDERSONVILLE,29
SUMTER,28 Chambliss,CHAMBLISS,28
SUMTER,N-26 Concord,CONCORD,N-26
SUMTER,C2-27 GSWF Conf Center,GSWF CONF CENTER,C2-27
SUMTER,15 Leslie,LESLIE,15
SUMTER,O-26 Plains,PLAINS,O-26
SUMTER,C3-27 Rec Dept,REC DEPT,C3-27
SUMTER,C1-27 Rees Park,REES PARK,C1-27
SUMTER,17 Thomson,THOMSON,17
TAYLOR,#1 BUTLER FIRE DEPT.,BUTLER FIRE DEPT.,1
TAYLOR,#5 COURTHOUSE,COURTHOUSE,5
TAYLOR,#6 REYNOLDS,REYNOLDS,6
TELFAIR,Lumber City,LUMBER CITY,LU
THOMAS,Fire Station 2,FIRE STATION 2,107
THOMAS,Merrillville,MERRILLVILLE,112
TIFT,Mott-Littman Gym,MOTT LITTMAN GYM,11
TOOMBS,39 New Branch,NEW BRANCH,39
TOOMBS,514 S.T.I.A.L.C,S.T.I.A.L.C,514
WALKER,LAFAYETTE,LAFAYETTE,871
WARE,1231-150B,1231 150B,100
WARE,1231-150C,1231 150C,300
WARE,1231-151,1231 151,304
WARE,Beach-Bickley,BEACH BICKLEY,400
WARE,District 1,DISTRICT,404
WARE,District 2A,DISTRICT,405
WARE,District 2B,DISTRICT,406
WARE,Haywood,HAYWOOD,407
WARE,Jamestown,JAMESTOWN,408
WARE,Manor,MANOR,409
WARE,Millwood,MILLWOOD,200A
WARE,Waresboro,WARESBORO,200B
WHITE,Mt. Yonah,MT YONAH,51
WILCOX,Abbeville North 2,ABBEVILLE NORTH,2A
WILCOX,Abbeville South 5,ABBEVILLE SOUTH,5A
WILCOX,Pineview 2,PINEVIEW,2B
WILCOX,Pitts 3,PITTS,3A
WILCOX,Rochelle North 1,ROCHELLE NORTH,1A
WILCOX,Rochelle South 4,ROCHELLE SOUTH,4A
WILKES,Metasville Fire Station,METASVILLE FIRE STATION,2B
WILKES,Senior Citizen Center,SENIOR CITIZEN CENTER,1
WORTH,Sylver East,SYLVER EAST,2